Diana Roig Sanz:
   name        : "Diana Roig Sanz"
   bio         : "Coordinator of GlobaLS | 2018 ERC Starting Grant holder | Ramon y Cajal Research Fellow (UOC) | PI of MapModern"
   avatar      : "/assets/images/diana-roig.jpg"
   url         : "/team/researchers/diana-sanz/"
   links:
    - label: "dsanzr@uoc.edu"
      icon: "fas fa-fw fa-envelope-square"
      url: "mailto:dsanzr@uoc.edu"
    - label: "MapModern Project"
      icon: "fas fa-fw fa-link"
      url: "https://mapmodern.wordpress.com"
    - label: "Twitter"
      icon: "fab fa-fw fa-twitter-square"
      url: "https://twitter.com/MapModern"

Laura Fólica:
  name        : "Laura Fólica"
  bio         : "Postdoctoral researcher (UOC) | Assistant Professor at Universitat Pompeu Fabra (UPF)."
  avatar      : "/assets/images/laura-folica.png"
  url         : "/team/researchers/laura-folica/"
  links:
    - label: "lfolica@uoc.edu"
      icon: "fas fa-fw fa-envelope-square"
      url: "mailto:lfolica@uoc.edu"

Marta Puxan Oliva:
   name        : "Marta Puxan Oliva"
   bio         : "Postdoctoral researcher (UOC) | Assistant Professor at the Universitat de Barcelona."
   avatar      : "/assets/images/marta-puxan.png"
   url         : "/team/researchers/marta-puxan/"
   links:
    - label: "mpuxano@uoc.edu"
      icon: "fas fa-fw fa-envelope-square"
      url: "mailto:mpuxano@uoc.edu"

Neus Rotger:
  name        : "Neus Rotger"
  bio         : "Associate Professor of Comparative Literature (UOC) | Guest Lecturer at Universitat Autònoma de Barcelona"
  avatar      : "/assets/images/neus-rotger.jpg"
  url         : "/team/researchers/neus-rotger/"
  links:
    - label: "nrotgerc@uoc.edu"
      icon: "fas fa-fw fa-envelope-square"
      url: "mailto:nrotgerc@uoc.edu"

Ventsislav Ikoff:
   name        : "Ventsislav Ikoff"
   bio         : "Postdoctoral researcher (UOC)"
   avatar      : "/assets/images/v-ikoff-bw.jpg"
   url         : "/team/researchers/ventsislav-ikoff/"
   links:
    - label: "vikoff@uoc.edu"
      icon: "fas fa-fw fa-envelope-square"
      url: "mailto:vikoff@uoc.edu"

Pau Bosch Santos:
  name        : "Pau Bosch Santos"
  avatar      : "/assets/images/pau-bosch.jpg"
  url         : "/team/phd/pau-bosch/"
  links:
    - label: "pboschsantos@uoc.edu"
      icon: "fas fa-fw fa-envelope-square"
      url: "mailto:pboschsantos@uoc.edu"

Ana Kvirikashvili:
  name        : "Ana Kvirikashvili"
  avatar      : "/assets/images/ana-kvirikashvili.jpg"
  url         : "/team/phd/ana-kvirikashvili/"
  links:
    - label: "akvirikashvili@uoc.edu"
      icon: "fas fa-fw fa-envelope-square"
      url: "mailto:akvirikashvili@uoc.edu"

Elisabet Carbó Catalan:
  name        : "Elisabet Carbó Catalan"
  avatar      : "/assets/images/elisabet-carbo.jpg"
  url         : "/team/phd/elisabet-carbo/"
  links:
    - label: "ecarboc@uoc.edu"
      icon: "fas fa-fw fa-envelope-square"
      url: "mailto:ecarboc@uoc.edu"

Aina Vidal Pérez:
  name        : "Aina Vidal Pérez"
  avatar      : "/assets/images/aina-vidal.jpg"
  url         : "/team/phd/aina-vidal/"
  links:
    - label: "avidalpe@uoc.edu"
      icon: "fas fa-fw fa-envelope-square"
      url: "mailto:avidalpe@uoc.edu"
